<?xml version="1.0" encoding="UTF-8"?>
<project-private xmlns="http://www.netbeans.org/ns/project-private/1">
    <editor-bookmarks xmlns="http://www.netbeans.org/ns/editor-bookmarks/2" lastBookmarkId="0"/>
    <open-files xmlns="http://www.netbeans.org/ns/projectui-open-files/2">
        <group>
            <file>file:/D:/FPT%20Polytechnic/PRO1041-du%20an%201/HyperBeast1/src/com/hyperbeast/form/quanLyNV.java</file>
            <file>file:/D:/FPT%20Polytechnic/PRO1041-du%20an%201/HyperBeast1/src/com/hyperbeast/form/quanLyBanHang.java</file>
            <file>file:/D:/FPT%20Polytechnic/PRO1041-du%20an%201/HyperBeast1/src/com/hyperbeast/main/main.java</file>
            <file>file:/D:/FPT%20Polytechnic/PRO1041-du%20an%201/HyperBeast1/src/com/hyperbeast/form/khuyenMai.java</file>
            <file>file:/D:/FPT%20Polytechnic/PRO1041-du%20an%201/HyperBeast1/src/com/hyperbeast/form/quanLySP.java</file>
        </group>
    </open-files>
</project-private>
